{
  "yolov10n_640": {
    "latency": 0.003913886059308425,
    "acc_vector": [
      0.0,
      0.0,
      0.0,
      0.0,
      0.0,
      1.0,
      0.0,
      0.7368421052631579,
      0.6805555555555556,
      0.6166666666666667,
      0.6919191919191919,
      0.7975596228508042
    ]
  },
  "yolov10s_640": {
    "latency": 0.005019646510481835,
    "acc_vector": [
      0.0,
      0.0,
      0.0,
      0.0,
      1.0,
      0.25,
      0.4,
      0.6607142857142857,
      0.6299212598425197,
      0.6359447004608295,
      0.6332288401253918,
      0.7846750727449079
    ]
  },
  "yolov10m_640": {
    "latency": 0.008127189031802118,
    "acc_vector": [
      0.0,
      0.0,
      0.0,
      0.0,
      1.0,
      0.5,
      0.6111111111111112,
      0.7246376811594203,
      0.6449704142011834,
      0.6764705882352942,
      0.7106017191977078,
      0.7994171928120447
    ]
  }
}